﻿<?xml version="1.0" encoding="utf-8"?>
<Module>
	<Name value="Change Settlement And Recruits Culture"/>
	<Id value="ChangeSettlementCulture"/>
	<Version value="v1.0.6"/>
	<DefaultModule value="false"/>
	<SingleplayerModule value="true"/>
	<MultiplayerModule value="false"/>
	<Official value="false"/>
	<DependedModules>
		<DependedModule Id="Native"/>
		<DependedModule Id="SandBoxCore"/>
		<DependedModule Id="Sandbox"/>
		<DependedModule Id="CustomBattle"/>
		<DependedModule Id="StoryMode"/>
	</DependedModules>
	<SubModules>
		<SubModule>
			<Name value="ChangeSettlementCulture"/>
			<DLLName value="ChangeSettlementCulture.dll"/>
			<SubModuleClassType value="ChangeSettlementCulture.SubModule"/>
			<Tags>
				<Tag key="DedicatedServerType" value="none" />
				<Tag key="IsNoRenderModeElement" value="false" />
			</Tags>
		</SubModule>
	</SubModules>
</Module>